{
  "overall": {
    "baseline": {
      "n": 1838,
      "logloss": 0.6928344481092981,
      "brier": 0.24984365092809352,
      "accuracy": 0.5136017410228509,
      "base_rate": 0.5108813928182807,
      "auc": 0.5055386354024883
    },
    "treatment": {
      "n": 1838,
      "logloss": 0.6932098240625467,
      "brier": 0.25003128270663394,
      "accuracy": 0.5108813928182807,
      "base_rate": 0.5108813928182807,
      "auc": 0.48848975491642
    },
    "delta_logloss": 0.0003753759532486578,
    "delta_brier": 0.00018763177854042024
  },
  "by_season": {
    "2021-22": {
      "baseline": {
        "n": 1194,
        "logloss": 0.693121345202427,
        "brier": 0.24998707683297336,
        "accuracy": 0.5058626465661642,
        "base_rate": 0.5058626465661642,
        "auc": 0.5076818385901897
      },
      "treatment": {
        "n": 1194,
        "logloss": 0.6933150162013519,
        "brier": 0.25008385822677826,
        "accuracy": 0.5058626465661642,
        "base_rate": 0.5058626465661642,
        "auc": 0.4907565383320238
      }
    },
    "2022-23": {
      "baseline": {
        "n": 644,
        "logloss": 0.69230253020682,
        "brier": 0.24957773395538155,
        "accuracy": 0.5279503105590062,
        "base_rate": 0.5201863354037267,
        "auc": 0.5421581413321741
      },
      "treatment": {
        "n": 644,
        "logloss": 0.6930147939169979,
        "brier": 0.2499338057329503,
        "accuracy": 0.5201863354037267,
        "base_rate": 0.5201863354037267,
        "auc": 0.4924890112544075
      }
    }
  },
  "permutation": {
    "real_improvement": -3.1250085364642466e-05,
    "null_mean": 5.3335242665225604e-05,
    "null_std": 0.0003354008140361599,
    "null_max": 0.001005068973693679,
    "p_value": 0.5714285714285714,
    "n_perms": 20
  },
  "permutation_null": [
    0.0003302658152484206,
    -0.00012722523267605368,
    0.0002062072578534746,
    0.0001332225259694786,
    0.0001634540509266591,
    9.410317986735528e-05,
    -7.378426391779769e-05,
    -0.00011540189557024405,
    -6.160290410162084e-05,
    0.0003706879704639121,
    0.00018924142913856468,
    0.00023030056997619397,
    -0.0008050678181563686,
    -0.0001856411963785387,
    -0.00033728067187244193,
    0.001005068973693679,
    0.00011110200489194977,
    -9.492758263451861e-05,
    8.177974157097534e-05,
    -4.779710098856693e-05
  ],
  "sample_size": {
    "n_games": 5041,
    "n_seasons": 5,
    "n_unique_refs": 98,
    "ref_games_median": 190.0,
    "ref_games_p10": 8.700000000000001,
    "ref_games_p90": 247.0,
    "frac_refs_under_40_games": 0.17346938775510204,
    "n_unique_crews": 4553,
    "frac_crews_seen_once": 0.9042389633208874,
    "frac_games_thin_crew_history": 0.1479865106129736,
    "warning": "Crew-level samples are thin: most exact 3-man crews appear once. Trust individual-ref shrunk features, not crew interactions."
  },
  "backtest": {
    "summary": {
      "n_bets": 1131,
      "total_return": -0.08878227909797365,
      "final_bankroll": 0.9112177209020264,
      "mean_bet_return": -0.01781799534663237,
      "hit_rate": 0.41909814323607425,
      "sharpe_like": -0.47971682127124676,
      "max_drawdown": -0.8780284433135759,
      "n_candidates": 2056,
      "bet_frequency": 0.5500972762645915
    },
    "ece": 0.0180956211046417,
    "holdout_metrics": {
      "baseline": {
        "n": 453,
        "logloss": 0.6910264353731175,
        "brier": 0.24894278777072218,
        "accuracy": 0.5253863134657837,
        "base_rate": 0.5121412803532008,
        "auc": 0.5383445155250429
      },
      "treatment": {
        "n": 453,
        "logloss": 0.6933135202411704,
        "brier": 0.2500831331478899,
        "accuracy": 0.4878587196467991,
        "base_rate": 0.5121412803532008,
        "auc": 0.4954068497425495
      }
    }
  },
  "backtest_season": "2025-26",
  "prefer_train": "espn",
  "prefer_backtest": "espn",
  "feature_counts": {
    "baseline": 22,
    "treatment": 48
  }
}